"Enrichment FDR","nGenes","Pathway Genes","Fold Enrichment","Pathway","URL","Genes"
7.32903030039967e-08,77,339,1.98820171845272,"GO:0098798 mitochondrial protein-containing complex "," http://amigo.geneontology.org/amigo/term/GO:0098798"," DNAJC11  HSPA9  MICOS13  NDUFAB1  MRPS35  POLRMT  PRORP  MRPL27  MRPS30  MRPS2  MRPL34  NDUFA10  COX4I1  DAP3  ATP5MC2  MRPL15  MRPS5  MCU  SUPV3L1  MRPL17  ATP5MC1  MRPL55  MRPS18C  UQCRQ  MICU2  ATP5F1C  ATP5MG  ATP5ME  MRPL13  MRPL52  UQCRH  MRPL11  NDUFA11  TOMM5  NDUFV2  NDUFB1  UQCR10  NDUFA4  MRPL21  MRPL53  ATP5PO  MRPL12  NDUFA7  TOMM22  MRPS31  PMPCB  MRPS15  ATP5F1E  MRPL24  MRPL39  PMPCA  MRPL1  CHCHD1  MRPL57  GADD45GIP1  MRPL40  TOMM6  MT-ATP8  MRPL20  MRPL33  MRPS21  PPIF  COX7C  TIMM10  NDUFA9  POLG  UQCRC2  NDUFB11  CLPX  UQCR11  SLC25A4  MCCC1  DLD  PDHX  SUCLG1  SUCLG2  SLC25A6"
6.00405234686145e-12,118,520,1.98631481372491,"GO:0005759 mitochondrial matrix "," http://amigo.geneontology.org/amigo/term/GO:0005759"," ACSM3  TFB1M  MRPS35  PDPR  MLYCD  PTCD1  PITRM1  MRPL27  MRPS30  FOXO3  MRPS2  MRPL34  DAP3  MRPL15  MRPS5  MRPL17  MRPL55  MRPS18C  PRIMPOL  CLPX  TEFM  MRPL13  MRPL52  MRPL57  MRPL11  MRPL40  LONP1  MRPL21  MRPL53  MRPL12  DLD  POLRMT  MRPS31  PMPCB  PCCB  MRPS15  MRPL24  MRPL39  PMPCA  MRPL1  CHCHD1  GADD45GIP1  MRPL20  MRPL33  MRPS21  NDUFAB1  ACADVL  MCCC1  PIN4  COQ5  HSPA9  ACADM  SIRT5  MTRES1  DHX30  GRSF1  NDUFA9  POLG  SIRT3  MMUT  MTG1  ACSS1  SUPV3L1  DDX28  NFS1  LARS2  IARS2  PRORP  GCDH  PPIF  PDHX  DLST  PYROXD2  CHPF  ECHS1  NDUFA10  CARS2  TTC5  ALDH1B1  RARS2  PDP1  TRUB2  PDP2  PC  PHYKPL  DHFR2  LRRK2  SDHAF3  PARG  SUCLG1  SUCLG2  NDUFA7  OXCT1  FH  TXN2  ARL2BP  HIBADH  HARS2  NR3C1  ALDH6A1  ATP5F1E  ISCA1  CYP27A1  PPA2  PYCR2  ADHFE1  MMAA  PDSS2  NUDT2  ATP5F1C  ISCA2  GFM1  NUDT9  TRMT61B  QARS1  HIBCH  NAXD  SCO2"
1.20154906324499e-13,169,807,1.83308493300302,"GO:1990904 ribonucleoprotein complex "," http://amigo.geneontology.org/amigo/term/GO:1990904"," RPS16  RPL18A  RPL28  RPL24  RPS15  RPL7  RPL8  RPLP2  RPS23  RPL14  RPS26  RPL37A  RPS29  LAS1L  UTP18  ZCCHC8  RPL26L1  MRPS35  SMG6  NOP14  DHX32  PABPC4  CWF19L1  CDC5L  HNRNPH3  SNRPD3  PES1  SNU13  PHF5A  PRORP  YJU2B  CACTIN  CPEB3  MRPL27  GAR1  RWDD1  MRPS30  CPEB4  RRP9  HEATR1  MRPS2  SMU1  RRP36  SNRPC  RIOK1  EMG1  KRI1  NGDN  TEP1  MRPL34  LSM7  GRSF1  UTP3  DAP3  SRRM1  WDR74  EIF2S1  PRPF38B  PRPF38A  DHX9  TRA2B  IMP4  MRPL15  NOB1  SNRNP200  MRPS5  NAF1  RPP30  CWC15  SRP19  RBMS1  VBP1  UTP14A  MRPL17  U2AF1  U2AF1L4  MRPL55  MRPS18C  CWC22  SLBP  NSA2  BMS1  MRPL1  SF3B5  PLRG1  MRPL13  MRPL52  MRPL11  RPP25  RRS1  NOP10  SF3A3  RPS27L  ISG15  SECISBP2  NOC2L  RRP7A  MRPL21  SMG5  MRPL53  RBMXL1  UBA52  PPIL3  PWP2  RBM12  MRPL12  MRPS31  MRPS15  MRPL24  MRPL39  PPIH  CHCHD1  MRPL57  GADD45GIP1  MRPL40  RACK1  MRPL20  MRPL33  MRPS21  NDUFAB1  UPF1  AKAP8L  MTREX  XRCC5  DDX1  SRRT  AGO1  PIN4  LARP4B  HSPA8  EPM2A  UNK  AGO4  NAA35  NAT10  HNRNPA1  EPRS1  ILF2  NVL  LIMD1  EIF4E  LARP1  ADAR  PHAX  SRRM2  HNRNPA3  TEFM  NAA38  DDX3X  STAU2  WAC  EIF3D  TTF2  SMNDC1  PRKRIP1  AAR2  SSB  EIF3M  API5  EIF3F  NDUFB1  LRRK2  EIF3CL  CSNK1E  FMC1-LUC7L2  MYH10  EIF2AK4  IGHMBP2  PSMA1"
4.12227873035048e-10,130,630,1.80622654570627,"GO:0019866 organelle inner membrane "," http://amigo.geneontology.org/amigo/term/GO:0019866"," DNAJC11  HSPA9  MICOS13  NDUFAB1  TTC19  COX15  EMD  COQ8B  ATP5F1E  SLC25A19  UQCR11  SLC27A1  NDUFA10  COX4I1  ABCB7  TIMM10  P2RX4  ATP5MC2  YME1L1  PPOX  LBR  TM7SF2  SLC25A4  MCU  EXOG  ATP5MC1  COQ8A  UQCRQ  MICU2  ATP5F1C  COQ7  ATP5MG  ATP5ME  SLC25A6  UQCRH  DPY19L1  NDUFA11  NDUFAF3  NDUFV2  NDUFB1  UQCR10  TMEM120B  NDUFA4  ATP5PO  NDUFA7  MRPS35  MRPS31  MRPL27  MRPS30  MRPS15  MRPS2  MRPL34  DAP3  MRPL15  MRPL24  MRPS5  MRPL39  MRPL17  MRPL55  MRPS18C  MRPL1  TMEM126B  MRPL13  CHCHD1  MRPL52  MRPL57  MRPL11  ACAD9  GADD45GIP1  TMEM186  MRPL40  MRPL21  MRPL53  MT-ATP8  MRPL20  MRPL33  MRPL12  MRPS21  NOA1  COQ5  SLC41A3  SLC25A12  SLC25A51  IFI6  COX7C  SCO1  RSAD2  NDUFA9  UQCRC2  NDUFB11  MTG1  ATPSCKMT  NDUFAF6  CCDC51  PMPCA  LETM1  AIFM3  ABCB8  OPA1  COX20  TMEM242  SCO2  IFFO1  ACADVL  RNF13  PPIF  NNT  UNC50  CYP27A1  TRA2B  TOR1AIP1  SLC25A25  ITPR1  LETM2  TMEM126A  DHFR2  HIGD1A  TMEM201  LRRK2  SLC25A29  FAM169A  PISD  CLPX  CBX3  COX10  CDS2  PMPCB  GPD2  PLA2G4A  CYCS"
7.39911113914433e-09,115,559,1.80075840424411,"GO:0005743 mitochondrial inner membrane "," http://amigo.geneontology.org/amigo/term/GO:0005743"," DNAJC11  HSPA9  MICOS13  NDUFAB1  TTC19  COX15  COQ8B  ATP5F1E  SLC25A19  UQCR11  SLC27A1  NDUFA10  COX4I1  ABCB7  TIMM10  ATP5MC2  YME1L1  PPOX  SLC25A4  MCU  EXOG  ATP5MC1  COQ8A  UQCRQ  MICU2  ATP5F1C  COQ7  ATP5MG  ATP5ME  SLC25A6  UQCRH  NDUFA11  NDUFAF3  NDUFV2  NDUFB1  UQCR10  NDUFA4  ATP5PO  NDUFA7  MRPS35  MRPS31  MRPL27  MRPS30  MRPS15  MRPS2  MRPL34  DAP3  MRPL15  MRPL24  MRPS5  MRPL39  MRPL17  MRPL55  MRPS18C  MRPL1  TMEM126B  MRPL13  CHCHD1  MRPL52  MRPL57  MRPL11  ACAD9  GADD45GIP1  TMEM186  MRPL40  MRPL21  MRPL53  MT-ATP8  MRPL20  MRPL33  MRPL12  MRPS21  NOA1  COQ5  SLC41A3  SLC25A12  SLC25A51  IFI6  COX7C  SCO1  RSAD2  NDUFA9  UQCRC2  NDUFB11  MTG1  ATPSCKMT  NDUFAF6  CCDC51  PMPCA  LETM1  AIFM3  ABCB8  OPA1  COX20  TMEM242  SCO2  ACADVL  PPIF  NNT  CYP27A1  SLC25A25  LETM2  TMEM126A  DHFR2  HIGD1A  LRRK2  SLC25A29  PISD  CLPX  COX10  CDS2  PMPCB  GPD2  PLA2G4A  CYCS"
5.32480013156919e-13,170,828,1.79716520852045,"GO:0031966 mitochondrial membrane "," http://amigo.geneontology.org/amigo/term/GO:0031966"," DNAJC11  HSPA9  MICOS13  NDUFAB1  TTC19  COX15  FUNDC1  MIEF1  GDAP1  KMO  CISD1  COQ8B  ATP5F1E  SLC25A19  UQCR11  BCL2L2  SLC27A1  NDUFA10  COX4I1  ABCB7  LPIN1  TIMM10  ATP5MC2  YME1L1  TMEM14B  RNF144B  RHOT2  PPOX  CISD2  SLC25A4  MCU  EXOG  ATP5MC1  COQ8A  UQCRQ  MICU2  ATP5F1C  FUNDC2  COQ7  ATP5MG  MFF  ATP5ME  SLC25A6  UQCRH  NDUFA11  TOMM5  NDUFAF3  NDUFV2  NDUFB1  UQCR10  LRRK2  NDUFA4  OPA1  ATP5PO  NDUFA7  MRPS35  TOMM22  MRPS31  MRPL27  MRPS30  MRPS15  MRPS2  MRPL34  DAP3  MRPL15  MRPL24  MRPS5  MRPL39  MRPL17  MRPL55  MRPS18C  MRPL1  TMEM126B  MRPL13  CHCHD1  MRPL52  MRPL57  MRPL11  ACAD9  GADD45GIP1  TMEM186  MRPL40  MRPL21  MRPL53  QTRT1  TOMM6  MT-ATP8  MRPL20  MRPL33  MRPL12  MRPS21  BID  TOMM34  AIFM2  ACADVL  TIGAR  NOA1  COQ5  BNIP1  SLC41A3  SLC25A12  ACADM  FOXO3  SLC25A51  IFI6  COX7C  RTN4IP1  SCO1  RSAD2  NDUFA9  UQCRC2  HAX1  NDUFB11  MTG1  ATPSCKMT  NDUFAF6  HK2  CCDC51  PMPCA  LETM1  PLD6  NGRN  AIFM3  ABCB8  COX20  TMEM242  PIGBOS1  SCO2  COX10  ACSL4  ZDHHC8  PGRMC1  ARMCX3  ANTKMT  PPIF  NNT  PNPLA8  CYP27A1  CCDC90B  SORD  PI4KB  RHBDD1  SLC25A25  HKDC1  LETM2  CARD19  TMEM126A  PLEC  COX14  DHFR2  HIGD1A  SLC25A29  MTOR  CPT1B  PISD  IKBKE  CLPX  CASP8  ACACB  STARD7  CDS2  BMF  PMPCB  GPD2  PLA2G4A  RAF1  HINT2  BCL2L11  CYCS  UBA52"
2.48485024009279e-13,179,879,1.78251656217114,"GO:0005740 mitochondrial envelope "," http://amigo.geneontology.org/amigo/term/GO:0005740"," DNAJC11  HSPA9  MICOS13  NDUFAB1  TTC19  COX15  FUNDC1  MIEF1  ARL2BP  GDAP1  KMO  CISD1  COQ8B  ATP5F1E  SLC25A19  UQCR11  BCL2L2  SLC27A1  NDUFA10  COX4I1  ABCB7  LPIN1  TIMM10  ATP5MC2  YME1L1  TMEM14B  RNF144B  RHOT2  PPOX  CISD2  SLC25A4  MCU  EXOG  ATP5MC1  COA7  COQ8A  CHCHD4  UQCRQ  MICU2  ATP5F1C  FUNDC2  COQ7  ATP5MG  MFF  ATP5ME  SLC25A6  CYCS  UQCRH  NDUFA11  TOMM5  NDUFAF3  NDUFV2  NDUFB1  UQCR10  LRRK2  NDUFA4  SDHAF3  OPA1  ATP5PO  NDUFA7  MRPS35  TOMM22  MRPS31  MRPL27  MRPS30  MRPS15  MRPS2  MRPL34  DAP3  MRPL15  MRPL24  MRPS5  MRPL39  MRPL17  MRPL55  MRPS18C  MRPL1  TMEM126B  MRPL13  CHCHD1  MRPL52  MRPL57  MRPL11  ACAD9  GADD45GIP1  TMEM186  MRPL40  MRPL21  MRPL53  QTRT1  TOMM6  MT-ATP8  MRPL20  MRPL33  MRPL12  MRPS21  BID  TOMM34  AIFM2  ACADVL  TIGAR  NOA1  PPIF  COQ5  BNIP1  SLC41A3  SLC25A12  ACADM  FOXO3  SLC25A51  SIRT5  IFI6  COX7C  RTN4IP1  SCO1  RSAD2  NDUFA9  UQCRC2  HAX1  NDUFB11  MTG1  ATPSCKMT  NDUFAF6  HK2  CCDC51  PMPCA  LETM1  PLD6  NGRN  AIFM3  ABCB8  COX20  TMEM242  PIGBOS1  SCO2  AK2  COX10  ACSL4  ZDHHC8  PGRMC1  ARMCX3  ANTKMT  NNT  CAT  PNPLA8  CYP27A1  CCDC90B  SORD  PI4KB  RHBDD1  SLC25A25  HKDC1  LETM2  CARD19  TMEM126A  PLEC  COX14  DHFR2  HIGD1A  SLC25A29  MTOR  CPT1B  PISD  TXNIP  IKBKE  CLPX  CASP8  ACACB  STARD7  CDS2  BMF  PMPCB  GPD2  PLA2G4A  RAF1  HINT2  BCL2L11  DIABLO  UBA52"
3.53383653799223e-21,298,1489,1.7518260664922,"GO:0140513 nuclear protein-containing complex "," http://amigo.geneontology.org/amigo/term/GO:0140513"," CDC27  LIG3  UTP18  POLR3B  PHF20  ZCCHC8  MED17  JADE2  TPR  ARID1B  KMT2C  POLD1  MED29  INTS13  TAF2  NFYC  HDAC4  POLR1A  NUP133  SMG6  ING3  SMARCE1  EXOSC7  XRCC5  SRCAP  UIMC1  NOP14  DHX32  RCOR1  NUP188  CWF19L1  BRPF3  CDC5L  SNRPD3  PES1  SNU13  EP300  PHF5A  BRD1  TELO2  YY1  TTI1  E2F1  ACTR5  INTS6  KAT8  NBN  INTS10  YJU2B  CACTIN  PHF14  POLD2  RAD51C  MED31  HDAC5  GAR1  ELP4  ANAPC15  SUDS3  HCFC2  FANCE  E2F3  BICRAL  BRD8  NUP155  ACTR8  KAT2B  POLE4  KDM3A  TAF1B  RBBP5  ARID1A  KMT2A  HEATR1  KDM3B  COPS5  PMS2  SMU1  MED13L  EXOSC9  TRERF1  SNRPC  NUP85  THOC2  MED1  SYMPK  MAX  XRCC3  YEATS4  SIN3B  ATF4  ANAPC13  TEP1  MAU2  LSM7  TRIM28  NXT1  SRRM1  MED6  PRPF38B  CDC73  PRPF38A  CDK4  ACTL6A  TRA2B  WDR33  IMP4  BARD1  KANSL2  RB1  SETD1B  ANAPC11  SAE1  SNRNP200  PRIM2  KDM6A  POLR2K  INIP  POLE3  ASB6  POLR3A  RPP30  DSN1  CWC15  GTF2E1  ELOC  CDK19  NUP205  MIDEAS  PCGF6  SSU72  U2AF1  MCM3AP  CPSF4  U2AF1L4  MED11  FAAP20  ERCC3  CWC22  YEATS2  MEAF6  SLBP  WDR82  NIPBL  CPSF2  CLMN  TAF10  KMT2D  BMI1  POLR3D  INO80E  RGPD8  CENPX  SF3B5  EXOSC1  PLRG1  HDAC3  EXOSC10  AFF1  HCFC1  RAD9A  MSL2  DDIT3  CSTF2T  MED14  NOP10  MTA1  SF3A3  GTF2H2C  XPOT  RAD51D  BRCC3  PCGF3  BCL9L  GTF2F2  NOC2L  RRP7A  TRRAP  HDAC2  PSMD12  COPS8  CTR9  SMG5  SCAF8  RBMXL1  PPIL3  PWP2  TEN1  PAGR1  NR1H3  BRD9  ARID4B  MBD3  SMARCA2  BCL7C  BCL7B  FANCL  USP22  THRA  INTS11  VPS4A  SMARCA5  ING1  BACH1  ATXN7  BRD7  PPIH  STAT5B  LAS1L  UPF1  BAZ1B  MTREX  TCF3  EPB41L2  GEMIN5  TDRD3  CHMP2B  CHMP5  KDM2B  HMGXB4  PRMT5  ADNP  ERCC2  BCCIP  STN1  EZH1  ASCC3  TBP  MSH3  DROSHA  CSNK1A1  UCHL5  BCL11A  CBX3  HELB  WDR74  NAT10  HNRNPA1  MPHOSPH6  CBX8  PIP5K1A  ANP32E  NVL  MMS22L  PAXX  TUT1  PPARGC1B  ADAR  ICE1  ABRAXAS2  SRRM2  UPF3A  HNRNPA3  NFRKB  COPS9  JUP  EP400  PBX1  BICD2  LIN54  TLE1  ZNF335  LDB1  NCKIPSD  CHMP1B  TBPL1  WAC  MYBL2  HSPA8  ASH1L  TTF2  SMNDC1  PRKRIP1  AAR2  NONO  API5  SETD5  WWOX  LIN52  LAT  FMC1-LUC7L2  POU2F1  BOD1L1  NFE2L3  MXD1  DBP  NFE2L2  ATF6  FOXO3  BIN1  CEBPG  CUL7  HNRNPH3  TCEA2  KPNA3  KPNA1  AGFG1  C1D"
1.66426128951581e-12,182,918,1.73539413214916,"GO:1990234 transferase complex "," http://amigo.geneontology.org/amigo/term/GO:1990234"," CDC27  POLR3B  PHF20  JADE2  CUL7  PHKA2  PIK3CB  KMT2C  ATG5  PIGV  POLD1  TAF2  POLR1A  RAD18  ING3  UBE2D1  PIK3C3  DLD  BRPF3  POLRMT  KLHL22  EP300  BRD1  SPTLC2  VAC14  FBXO31  KAT8  ILVBL  PIK3R2  PHF14  PRKAG2  POLD2  TGFBR1  CUL2  ANAPC15  SPSB2  HCFC2  BRD8  KAT2B  AUP1  POLE4  WDR77  RBBP5  KMT2A  FBXL5  RPN2  DCAF10  YEATS4  ANAPC13  ZSWIM6  DCAF8  FBXO44  PIK3C2B  CDC73  NAA35  CCNJL  ACTL6A  RNF144B  BARD1  KANSL2  SETD1B  DCAF5  ANAPC11  METTL14  PIK3R1  PRIM2  KDM6A  POLR2K  POLE3  ASB6  POLR3A  FBXO4  GTF2E1  PCGF6  NSMCE2  UBR1  FBXL13  SPSB3  SMC6  ERCC3  TMEM183A  YEATS2  MEAF6  WDR82  PDSS2  VIRMA  SPTSSA  TRMT61A  TAF10  KMT2D  BMI1  POLR3D  NSMCE1  TRMT61B  PIK3CD  HCFC1  CKS1B  MSL2  KCTD13  FBXW8  GTF2H2C  PCGF3  GTF2F2  TRRAP  CTR9  OST4  PIGY  FNTB  PAGR1  CBLL1  SLF2  USP22  TRAF3  CAB39  ATXN7  SF3B5  IKBKE  DPM1  LAS1L  CDK14  FBXW11  KLHL20  ERC1  LZTR1  SNRPD3  DEPDC5  PRMT5  GID8  ERCC2  BCCIP  EZH1  PRKAR1A  TBP  DLST  KBTBD7  KLHL7  RNF11  MAX  CDK4  FAM8A1  RB1  POLG  CBX8  RMND5A  ELOC  KLHL21  KRTCAP2  WDFY3  KLHDC2  UBE2V2  UBE2E1  USP47  NAA38  EP400  BRCC3  HDAC2  MIB2  TOPORS  ZNF335  TBPL1  MED17  RPAP1  MED31  PHKG2  MED11  PRIMPOL  FBXO33  ATG16L2  SETD5  CCNQ  RIOK1  IFIT5  BOD1L1  XRCC5  ATG101  GLMN  QTRT1  KLHL2  FBXO21  FBXO10  FBXO38  SUGT1"
1.53998722681581e-18,272,1380,1.72527860017963,"GO:0031967 organelle envelope "," http://amigo.geneontology.org/amigo/term/GO:0031967"," DNAJC11  HSPA9  MICOS13  NDUFAB1  TTC19  COX15  TPR  NUP133  FUNDC1  FBXW11  MGST2  NUP188  MIEF1  EMD  ARL2BP  GDAP1  NUP155  KMO  CISD1  COQ8B  ATP5F1E  NUP85  SLC25A19  UQCR11  BCL2L2  SLC27A1  NDUFA10  COX4I1  ABCB7  NXT1  LPIN1  TIMM10  P2RX4  ATP5MC2  YME1L1  TMEM14B  RNF144B  PARP16  RHOT2  PPOX  TOR1AIP1  LBR  CISD2  TM7SF2  SLC25A4  NUP205  MCU  EXOG  ATP5MC1  COA7  COQ8A  CHCHD4  UQCRQ  MICU2  ATP5F1C  FUNDC2  CLMN  COQ7  ATP5MG  MFF  ATP5ME  SLC25A6  RGPD8  CYCS  UQCRH  DPY19L1  NDUFA11  TOMM5  NDUFAF3  NDUFV2  NDUFB1  UQCR10  XPOT  TOR3A  TMEM120B  TMEM201  LRRK2  NDUFA4  SDHAF3  IPO9  OPA1  MACO1  ATP5PO  NDUFA7  MRPS35  TOMM22  MRPS31  MRPL27  MRPS30  MRPS15  MRPS2  MRPL34  VPS4A  DAP3  MRPL15  MRPL24  MRPS5  MRPL39  MRPL17  MRPL55  MRPS18C  MRPL1  TMEM126B  MRPL13  CHCHD1  MRPL52  MRPL57  MRPL11  ACAD9  GADD45GIP1  TMEM186  MRPL40  MRPL21  MRPL53  QTRT1  TOMM6  MT-ATP8  MRPL20  MRPL33  MRPL12  MRPS21  UTP18  BID  PHF20  TOMM34  INPP4A  AIFM2  CCAR1  ROGDI  OSBPL3  ACADVL  TIGAR  SENP1  CHMP2B  NOA1  CHMP5  TNKS2  GTPBP4  PPIF  COQ5  BNIP1  SLC41A3  SLC25A12  PLA2G4A  ACADM  CENPF  FOXO3  SLC25A51  SIRT5  MAD2L1BP  IFI6  COX7C  YEATS4  RNF6  RTN4IP1  ANKRD17  SCO1  RSAD2  CDK4  SMPD4  SORL1  GCHFR  ATRAID  PRICKLE1  NDUFA9  UQCRC2  APP  HAX1  NDUFB11  MTG1  ATPSCKMT  NDUFAF6  MX1  DUSP2  HK2  MCM3AP  WDFY3  PGRMC2  CCDC51  KLHDC2  PMPCA  DCTN5  LETM1  NUDT9  PLRG1  DHCR7  PHF8  AKIRIN1  PLD6  AEN  NGRN  MTA1  AIFM3  THAP7  BICD2  KPNA4  ABCB8  MTOR  COX20  ITSN1  CPNE1  ZBED1  TMEM242  PIGBOS1  CHMP1B  SCO2  AK2  COX10  IFFO1  STAU2  ACSL4  RNF13  ZDHHC8  VAPA  PGRMC1  ARMCX3  ANTKMT  TMEM176B  NNT  FANCL  UNC50  IRAG2  CAT  PNPLA8  CYP27A1  TEX2  TRA2B  BIN1  CCDC90B  SORD  PI4KB  RHBDD1  MTDH  SLC25A25  ITPR1  DST  HKDC1  LETM2  CARD19  NSMF  GPX4  TOR1AIP2  TMEM126A  BANF1  PLEC  COX14  DHFR2  HIGD1A  SLC25A29  FAM169A  CPT1B  PISD  TXNIP  IKBKE  CBX3  CLPX  CASP8  ACACB  STARD7  CDS2  KPNA3  BMF  PMPCB  KPNA1  GPD2  ATF6  RAF1  HINT2  BCL2L11  AGFG1  DIABLO  UBA52"
1.53998722681581e-18,272,1380,1.72527860017963,"GO:0031975 envelope "," http://amigo.geneontology.org/amigo/term/GO:0031975"," DNAJC11  HSPA9  MICOS13  NDUFAB1  TTC19  COX15  TPR  NUP133  FUNDC1  FBXW11  MGST2  NUP188  MIEF1  EMD  ARL2BP  GDAP1  NUP155  KMO  CISD1  COQ8B  ATP5F1E  NUP85  SLC25A19  UQCR11  BCL2L2  SLC27A1  NDUFA10  COX4I1  ABCB7  NXT1  LPIN1  TIMM10  P2RX4  ATP5MC2  YME1L1  TMEM14B  RNF144B  PARP16  RHOT2  PPOX  TOR1AIP1  LBR  CISD2  TM7SF2  SLC25A4  NUP205  MCU  EXOG  ATP5MC1  COA7  COQ8A  CHCHD4  UQCRQ  MICU2  ATP5F1C  FUNDC2  CLMN  COQ7  ATP5MG  MFF  ATP5ME  SLC25A6  RGPD8  CYCS  UQCRH  DPY19L1  NDUFA11  TOMM5  NDUFAF3  NDUFV2  NDUFB1  UQCR10  XPOT  TOR3A  TMEM120B  TMEM201  LRRK2  NDUFA4  SDHAF3  IPO9  OPA1  MACO1  ATP5PO  NDUFA7  MRPS35  TOMM22  MRPS31  MRPL27  MRPS30  MRPS15  MRPS2  MRPL34  VPS4A  DAP3  MRPL15  MRPL24  MRPS5  MRPL39  MRPL17  MRPL55  MRPS18C  MRPL1  TMEM126B  MRPL13  CHCHD1  MRPL52  MRPL57  MRPL11  ACAD9  GADD45GIP1  TMEM186  MRPL40  MRPL21  MRPL53  QTRT1  TOMM6  MT-ATP8  MRPL20  MRPL33  MRPL12  MRPS21  UTP18  BID  PHF20  TOMM34  INPP4A  AIFM2  CCAR1  ROGDI  OSBPL3  ACADVL  TIGAR  SENP1  CHMP2B  NOA1  CHMP5  TNKS2  GTPBP4  PPIF  COQ5  BNIP1  SLC41A3  SLC25A12  PLA2G4A  ACADM  CENPF  FOXO3  SLC25A51  SIRT5  MAD2L1BP  IFI6  COX7C  YEATS4  RNF6  RTN4IP1  ANKRD17  SCO1  RSAD2  CDK4  SMPD4  SORL1  GCHFR  ATRAID  PRICKLE1  NDUFA9  UQCRC2  APP  HAX1  NDUFB11  MTG1  ATPSCKMT  NDUFAF6  MX1  DUSP2  HK2  MCM3AP  WDFY3  PGRMC2  CCDC51  KLHDC2  PMPCA  DCTN5  LETM1  NUDT9  PLRG1  DHCR7  PHF8  AKIRIN1  PLD6  AEN  NGRN  MTA1  AIFM3  THAP7  BICD2  KPNA4  ABCB8  MTOR  COX20  ITSN1  CPNE1  ZBED1  TMEM242  PIGBOS1  CHMP1B  SCO2  AK2  COX10  IFFO1  STAU2  ACSL4  RNF13  ZDHHC8  VAPA  PGRMC1  ARMCX3  ANTKMT  TMEM176B  NNT  FANCL  UNC50  IRAG2  CAT  PNPLA8  CYP27A1  TEX2  TRA2B  BIN1  CCDC90B  SORD  PI4KB  RHBDD1  MTDH  SLC25A25  ITPR1  DST  HKDC1  LETM2  CARD19  NSMF  GPX4  TOR1AIP2  TMEM126A  BANF1  PLEC  COX14  DHFR2  HIGD1A  SLC25A29  FAM169A  CPT1B  PISD  TXNIP  IKBKE  CBX3  CLPX  CASP8  ACACB  STARD7  CDS2  KPNA3  BMF  PMPCB  KPNA1  GPD2  ATF6  RAF1  HINT2  BCL2L11  AGFG1  DIABLO  UBA52"
8.24859551356534e-09,132,672,1.71938873100885,"GO:0005813 centrosome "," http://amigo.geneontology.org/amigo/term/GO:0005813"," CCDC88C  TUBG2  BOD1L1  CROCC  ZFYVE26  KIZ  PPP2R3C  HOOK2  CEP192  CEP152  UNC119  CEP164  CEP126  ALMS1  NEK9  CCDC77  CEP250  UBR4  AKAP9  TUBGCP2  CCNJL  CEP162  CDK5RAP2  NUMA1  HAUS2  TUBGCP4  JTB  POC5  TBC1D31  CCDC28B  BBS1  RAD51D  SPOUT1  TRAF3IP1  ALS2  CDC27  CDKL5  MKS1  DDX11  MDH1  CUL7  FNIP2  PPP1R12A  RAD18  FBXW11  ALPK1  RABL2B  GSK3B  ERC1  SNX10  RTRAF  HAUS4  KLHL22  KIAA0586  PSMB5  E2F1  CEP76  EMD  ARHGEF7  ARL2BP  DCTN6  TNKS2  ANKRD26  BCCIP  SLAIN2  NAA40  MDM1  C2CD5  MAK  CSNK1A1  ACTR8  NIT2  KAT2B  ACTR1B  CCT4  NFE2L2  WRAP73  NEK6  MASTL  LRIF1  FRMD8  RAB3IP  ATF4  PSMA1  KIF3A  VPS4A  PATJ  APC  DHX9  CKAP2  KIF20B  BBS7  POC1B  DYNC1LI1  HMBOX1  HNMT  SCLT1  FLCN  SKI  EYA3  HK2  HIPK1  PHAX  ABRAXAS2  DCTN5  DIS3L  NLRC3  TCEA2  PDE4DIP  RPP25  EXOC7  LCK  CEP63  RRP7A  DYNC1H1  HYLS1  HAUS7  ZBED1  DDX3X  NUBP2  IFT27  FBXO31  CDH23  PRKAR1A  CENPF  BICDL1  PDE4B  UBXN2B  BICD2  TMEM201  TTC19  RABGAP1"
1.5141708324351e-10,170,884,1.68331763874993,"GO:0140535 intracellular protein-containing complex "," http://amigo.geneontology.org/amigo/term/GO:0140535"," CDC27  DBF4  POLR3B  PHF20  JADE2  CUL7  GATB  PIGV  POLD1  TAF2  POLR1A  PSME4  RAD18  ING3  UBE2D1  RTRAF  BRPF3  POLRMT  KLHL22  EP300  BRD1  PSMC6  PSMA3  PSMB5  PSMD7  FBXO31  KAT8  PHF14  PRKAG2  POLD2  PPP3CB  CUL2  PRKAR1A  LAMTOR3  ELP4  ANAPC15  CNOT2  SPSB2  BRD8  KAT2B  AUP1  POLE4  FBXL5  FAM98A  DCAF10  YEATS4  ANAPC13  PSMA1  FAM98C  ZSWIM6  DCAF8  FBXO44  LAMTOR5  CDC73  NAA35  RNASEH2B  ACTL6A  RNF144B  BARD1  KANSL2  DCAF5  ANAPC11  PRIM2  POLR2K  POLE3  ASB6  PAXX  POLR3A  LAMTOR1  FBXO4  RMND5A  GTF2E1  PCGF6  CNOT11  UBR1  TRAPPC10  FBXL13  DBF4B  SPSB3  ERCC3  TMEM183A  ELP6  YEATS2  MEAF6  TAF10  TRAPPC2L  MLST8  BMI1  POLR3D  CKS1B  MSL2  KCTD13  FBXW8  PPP2R2D  ZBTB8OS  GTF2H2C  PCGF3  PRR5  GTF2F2  TRRAP  TRAPPC2  PSMD12  CTR9  MTOR  DDX1  CBLL1  USP22  TRAF3  TNKS1BP1  ATXN7  TRAPPC11  SF3B5  DPM1  FBXW11  KLHL20  XRCC5  FTL  PSMD5  LZTR1  DEPDC5  TELO2  GID8  TTI1  ERCC2  CPEB3  TBP  KBTBD7  KLHL7  RNF11  FAM8A1  POLG  CBX8  CAMK2G  EIF4E  ELOC  LARP1  ZFAND2B  KLHL21  KLHDC2  UBE2V2  UBE2E1  USP47  HCFC1  PAAF1  SLC38A9  NAA38  EP400  BRCC3  MIB2  TOPORS  TBPL1  MED17  RPAP1  MED31  UCHL5  ITPR1  RASGRP3  PPP4R1  MED11  PRIMPOL  FBXO33  SETD5  ZFAND2A  GLMN  KLHL2  FBXO21  FBXO10  NFKB1  FBXO38  SUGT1"
4.67869869466965e-19,321,1695,1.65769545876187,"GO:1902494 catalytic complex "," http://amigo.geneontology.org/amigo/term/GO:1902494"," NDUFAB1  CDC27  POLR3B  PHF20  ZCCHC8  JADE2  CUL7  PHKA2  ARID1B  PIK3CB  KMT2C  ATG5  PIGV  POLD1  TAF2  HDAC4  POLR1A  PSME4  RAD18  ING3  UBE2D1  SMARCE1  EXOSC7  PIK3C3  SRCAP  RCOR1  DLD  BRPF3  POLRMT  KLHL22  SNRPD3  EP300  BRD1  PSMC6  PSMA3  SPTLC2  PSMB5  PRORP  ACTR5  PIGU  PSMD7  VAC14  FBXO31  KAT8  ILVBL  PIK3R2  PHF14  PRKAG2  POLD2  TGFBR1  PPP3CB  CUL2  HDAC5  GAR1  ANAPC15  PDHX  SPSB2  SUDS3  HCFC2  BICRAL  BRD8  ACTR8  KAT2B  AUP1  POLE4  KDM3A  WDR77  RBBP5  ARID1A  KMT2A  FBXL5  RPN2  GNA13  KDM3B  DCAF10  EXOSC9  TRERF1  YEATS4  SIN3B  ANAPC13  PSMA1  LSM7  NDUFA10  ZSWIM6  DCAF8  FBXO44  PIK3C2B  CDC73  NAA35  CCNJL  ACTL6A  RNF144B  BARD1  PPCDC  KANSL2  SETD1B  DCAF5  GNAL  ANAPC11  SAE1  DYNC1LI1  METTL14  PIK3R1  PRIM2  KDM6A  POLR2K  POLE3  ASB6  POLR3A  RPP30  CWC15  FBXO4  GTF2E1  MIDEAS  PCGF6  SUPV3L1  NSMCE2  UBR1  FBXL13  SPSB3  SMC6  ERCC3  TMEM183A  CWC22  SUCLG1  YEATS2  MEAF6  WDR82  UQCRQ  PDSS2  VIRMA  SPTSSA  TRMT61A  TAF10  SEC11C  DIS3L  KMT2D  BMI1  POLR3D  NSMCE1  INO80E  TRMT61B  EXOSC1  PLRG1  PIK3CD  HDAC3  EXOSC10  SUCLG2  HCFC1  MUS81  CKS1B  PPP1R3B  UQCRH  MSL2  NDUFA11  KCTD13  FBXW8  PPP2R2D  GNG7  NDUFV2  RPP25  NOP10  MTA1  GTF2H2C  NDUFB1  UQCR10  PCGF3  GTF2F2  TRRAP  HDAC2  DYNC1H1  PSMD12  C1D  CTR9  OST4  PPIL3  GNG10  PIGY  FNTB  NDUFA7  PAGR1  BRD9  ARID4B  MBD3  SMARCA2  PDPR  BCL7C  CBLL1  BCL7B  SLF2  USP22  TRAF3  VPS4A  CAB39  SMARCA5  ING1  ATXN7  PDP1  BRD7  SF3B5  IKBKE  DPM1  LAS1L  BAZ1B  NUDCD3  MTREX  TPR  CDK14  PPP1R12A  CASP8  FBXW11  KLHL20  MCCC1  ERC1  AGO1  PSMD5  CDC5L  LZTR1  DEPDC5  HMGXB4  PRMT5  YY1  GID8  ERCC2  CACTIN  BCCIP  SHOC2  RAD51C  EZH1  PRKAR1A  TBP  DROSHA  UXS1  UCHL5  DLST  BCL11A  KBTBD7  KLHL7  RNF11  MAX  SRRM1  WDR74  AGO4  CDK4  HNRNPA1  MPHOSPH6  GRHPR  FAM8A1  NDUFA9  RB1  POLG  UQCRC2  CBX8  ANP32E  NVL  SNRNP200  NDUFB11  RMND5A  ELOC  NCK1  ZFAND2B  U2AF1  KLHL21  KRTCAP2  WDFY3  KLHDC2  SRRM2  UBE2V2  UBE2E1  HNRNPA3  USP47  NFRKB  PAAF1  NAA38  SF3A3  EP400  BRCC3  NDUFA4  MIB2  TOPORS  ZNF335  HEXA  PPP1CB  TBPL1  MED17  PAFAH1B3  RPAP1  MED31  PCCB  GPD2  ASH1L  UQCR11  ITPR1  GPD1L  CARHSP1  PPP4R1  PHKG2  MED11  PRIMPOL  FBXO33  ATG16L2  SETD5  ZFAND2A  DNAJC25-GNG10  CCNQ  RIOK1  DHX9  IFIT5  BOD1L1  XRCC5  CAT  ATG101  GLMN  THBD  TSN  QTRT1  KLHL2  FBXO21  FBXO10  FBXO38  SUGT1"
5.32127302394508e-19,340,1830,1.62628720508736,"GO:0005739 mitochondrion "," http://amigo.geneontology.org/amigo/term/GO:0005739"," DNAJC11  DLD  FH  HSPA9  SLC25A12  DLST  CISD1  COX7C  MTRES1  COX4I1  UQCRC2  SLC25A4  FUNDC2  SLC25A6  CYCS  UQCRH  MICOS13  CPT1B  ATP5PO  AK2  NDUFAB1  ACSM3  COX10  TTC19  LARS2  COX15  BID  TOMM34  TFB1M  AIFM2  GATB  BCAT1  MRPS35  IARS2  FUNDC1  ACADVL  MCCC1  OXCT1  PDPR  AARS1  POLRMT  MIEF1  TXN2  PRORP  SNPH  ARMCX3  ARL2BP  MLYCD  ANTKMT  GDAP1  LIG1  PMPCB  HIBADH  ABHD11  PTCD1  PITRM1  PPIF  MRPL27  PDHX  HARS2  MRPS30  PCCB  GPD2  KMO  ACADM  MTFR1L  FOXO3  HSDL2  ALDH6A1  ACAT2  CAT  MTIF3  MRPS2  COQ8B  ATP5F1E  SIRT5  SLC25A19  IFI6  UQCR11  ECHS1  BCL2L2  SLC27A1  MRPL34  RTN4IP1  NDUFA10  ABCB7  RAF1  DAP3  RSAD2  LPIN1  CMPK2  TIMM10  ISCA1  ATP5MC2  CYP27A1  YME1L1  NIPSNAP3A  HINT2  TMEM14B  RNF144B  CCDC90B  MRPL15  PPA2  NDUFA9  POLG  RHOT2  PTRH2  PPOX  MRPL24  HAX1  MRPS5  CISD2  MMUT  RARS2  ADHFE1  MTG1  ATPSCKMT  BCL2L11  MRPL39  ACSS1  MCU  NDUFAF6  SUPV3L1  HKDC1  EXOG  MRPL17  ATP5MC1  HK2  GATD3  COA7  MRPL55  COQ8A  MRPS18C  CHCHD4  SUCLG1  PRIMPOL  UQCRQ  PDP1  CARD19  MICU2  ATP5F1C  PMPCA  ISCA2  CLPX  COQ7  ATP5MG  GPX4  TMEM223  GFM1  MFF  ATP5ME  NUDT9  TRMT61B  TMEM126A  TMEM126B  NME6  TEFM  MRPL13  SUCLG2  CHCHD1  MRPL52  PDP2  MRPL57  MRPL11  NDUFA11  GK5  TOMM5  ACAD9  NDUFAF3  BOLA1  NDUFV2  COX14  DHFR2  PLD6  HIGD1A  DDX28  NDUFB1  AIFM3  DIABLO  UQCR10  TMEM186  MRPL40  CMC1  LRRK2  NDUFA4  LONP1  SDHAF3  SLC25A29  MRPL21  HIBCH  TXNRD1  ECI2  OPA1  COX20  MRPL53  TOMM6  DHFR  PISD  AMACR  MRPL33  NFS1  MRPL12  NDUFA7  TOMM22  MRPS31  MRPS15  MRPL1  GADD45GIP1  QTRT1  MT-ATP8  MRPL20  MRPS21  LIG3  PNPLA4  STAP1  NSUN2  HEBP2  ARID4B  MXD1  SELENOO  ACACB  TIGAR  HSP90AA1  NOA1  MTIF2  OAS1  SNAP23  HIVEP1  AMMECR1  PIN4  GCDH  RAD51C  NFKB1  COQ5  ELK3  BRD8  NNT  BNIP1  SLC41A3  NENF  HEATR1  IFIT3  SERAC1  ZMIZ2  SLC25A51  GTF3C4  XRCC3  NGDN  IQCN  DHX30  GRSF1  XAF1  DCAF8  SCO1  ALDH1B1  FOXK2  SIRT3  PYCR2  NDUFB11  CWC15  MMAA  LRRK1  CCDC51  TMEM71  TRUB2  LETM1  PUSL1  PC  MSRB3  KLC2  PACS2  NGRN  ABCB8  TMEM242  PIGBOS1  SCO2  FKBP4  CRY1  ACSL4  TFRC  DDX1  GSK3B  STARD7  DHX32  ZDHHC8  NTSR1  PGRMC1  PHYH  CERT1  NR3C1  ABCD3  PPP6C  PYROXD2  CRY2  CHPF  CLYBL  DUT  TRAF3  PEX11B  MUTYH  CARS2  PNPLA8  TTC5  CYP1B1  SORD  PI4KB  JTB  RHBDD1  PYURF  SLC25A25  PPARGC1B  PDSS2  LETM2  PDZD8  DDIT4  ATG4B  GIMAP8  PRKCE  PHYKPL  PLEC  TDRKH  ACBD3  SLC8A1  WWOX  SECISBP2  C15orf62  ADH5  MTOR  NAXD  PARG  TXNIP  RACK1  IKBKE  CASP8  CDS2  BMF  PLA2G4A  NUDT2  QARS1  UBA52"
1.40709598544923e-44,815,4581,1.55728010325741,"GO:0005654 nucleoplasm "," http://amigo.geneontology.org/amigo/term/GO:0005654"," PHF20  JADE2  ARID1B  KMT2C  TAF2  HDAC4  RPS6KA2  ING3  KLHL20  MBNL3  TNRC6C  SRCAP  PALB2  SRRT  OAS1  RCOR1  BRPF3  HNRNPH3  TNRC6B  EP300  BRD1  PQBP1  KPNA3  KAT8  PHF14  SETX  HDAC5  ELP4  ZPR1  DTX4  OAS3  OAS2  SUDS3  HCFC2  SRSF3  BRD8  KPNA1  KAT2B  KDM3A  SRSF7  RBBP5  ARID1A  KMT2A  PLAGL1  KDM3B  RBM19  NCOA5  TRERF1  YEATS4  UBR4  SIN3B  RNF6  TRIM28  TRIM22  GRSF1  TOE1  MORC4  CDC73  OASL  DTX1  RNASEH2B  ACTL6A  KANSL2  SETD1B  SHQ1  KDM6A  POLR2K  INIP  TUT1  GTF2E1  ELOC  MIDEAS  EMSY  SRSF2  ERCC3  HIPK1  YEATS2  MEAF6  WDR82  TAF10  TRIM68  KMT2D  ZBTB49  ZNF318  HDAC3  AFF1  HCFC1  CHCHD1  RBM4  MSL2  BANF1  DTX3  RMI1  MTA1  GTF2H2C  NKRF  KPNA4  GTF2F2  NOC2L  TRRAP  HDAC2  CTR9  CHAMP1  RBM12  TRIM34  PAGR1  ARID4B  MBD3  USP22  ING1  ATXN7  SF3B5  LAS1L  FKBP4  KDM1A  NDUFAB1  CDC27  DVL2  UPF1  SKAP2  LIG3  OSBPL7  DBF4  DNAJC11  CDKL5  HEATR5B  VTA1  BAZ1B  SPRTN  IFFO1  NISCH  AKAP8L  UTP18  RNF216  WIZ  DDX11  COX15  ZRANB1  BIRC3  DEF6  NR1H3  BRD9  ZCCHC8  STAP1  BOD1L1  MTREX  PHLPP2  INPP4A  PIK3CB  USP36  CDK14  MXD1  POLD1  MED29  CASP8  INTS13  SPEN  NFYC  NEO1  METTL22  TP53BP1  GRIPAP1  PSME4  FSTL3  TESK2  RAD18  TCF3  CHFR  NFATC3  ACADVL  SMARCE1  TRAF4  MLLT10  XRCC5  SENP1  DDX1  EPB41L2  SLC35C2  SMARCA2  PUM3  RBL1  DUSP12  GEMIN5  GSK3B  RNF13  TDRD3  PDS5B  ATRX  AKR1B1  MTIF2  NFX1  UIMC1  NOP14  RTRAF  PPP1R13B  RBBP9  KDM2B  ARHGAP4  SEL1L3  ALKBH5  PPP2R3C  SNAP23  UPRT  WAC  HIVEP1  FKBP5  CDC5L  CRKL  SNRPD3  PES1  GGA1  SBF1  TAB1  GRAP2  PHF5A  ZBED4  PRMT5  CDKL1  TELO2  VRK1  PSMB5  PRORP  ZMYND8  MYBL2  STK4  GID8  GMEB2  RASSF2  E2F1  AMMECR1  EMD  UBL4A  RP2  PIN4  MAGED2  INTS6  ARL2BP  PSMD7  PLA2G15  CEP152  GABPB1  NBN  TRPS1  UBR5  ERCC2  DOT1L  PTOV1  CACTIN  CD33  LIG1  CRTC1  CBLL1  GIMAP2  POLD2  LIPA  CPEB3  GTPBP4  BCCIP  STN1  SHOC2  CUL2  ZMIZ1  RAD51C  EZH1  RANGRF  NFKB1  ELF2  GAR1  KLF3  CEP164  COMMD9  NAA40  GLI1  ELK3  CNOT2  FBXO5  EPM2A  TBP  CERT1  CLINT1  DROSHA  SUB1  NR3C1  MACROH2A1  CSNK1A1  ZNF346  SMC4  ACTR8  CBLB  ATP6V1A  POLE4  FANCL  CCT4  EHBP1  TAF1B  C2orf42  NFE2L2  WDR77  ASH1L  GON4L  PRDM2  UCHL5  MRPS15  KDM5B  NSL1  CENPF  STX12  STAG1  KLF7  FOXO3  RPN2  UCHL3  NEK6  YLPM1  DLST  ALDH6A1  BCL11A  SLF2  CUTC  HOXB3  PLEKHG1  WDR55  MASTL  COPS5  TSHZ3  PSPC1  CSTA  CRY2  LRIF1  PMS2  ZMIZ2  KLHL7  NT5C3A  TRIM24  ECD  EXOSC9  PFKFB2  MTRR  ZNF45  RRP36  SNRPC  MAD2L1BP  GLO1  NUP85  GTF3C4  MED1  SYMPK  STK35  MAX  XRCC3  NR1D1  FRMD8  EMG1  INTS11  HELB  CHTF18  STEAP4  DUT  PSMA1  NGDN  MAU2  NSUN5  FCHO1  TUBGCP2  COX4I1  ZCCHC9  PEX11B  ILKAP  ANKRD17  XAF1  NXT1  DAP3  ARHGEF11  DCAF8  IGHMBP2  MUTYH  PIK3C2B  SRRM1  WDR74  MED6  LOXL2  CD180  PSRC1  NOTCH2  CMPK2  PRPF38A  APC  NAA35  SRPK2  CEP162  CDK4  HNRNPA1  MPHOSPH6  DHX9  TTC5  VEZF1  LIMD2  TRA2B  WDR33  YME1L1  SMC2  ALDH1B1  IRF4  NUMA1  MAPKBP1  GCHFR  KIF20B  DBR1  BARD1  ITPRID2  SLC40A1  HERC6  PRDM5  BMP2K  SCAF11  RB1  FTO  UQCRC2  ZFHX3  ANAPC11  FOXK2  TRIM65  CBX8  ELAC1  SAE1  GEMIN7  ZNF473  POGK  POU2F1  USP21  SETDB1  PIP5K1A  ANP32E  ILF2  NVL  SNRNP200  GOLGA4  LIMD1  DGKQ  METTL14  NAF1  COMMD10  FAM50B  MMS22L  NCAPG2  ZMYM3  NONO  HMBOX1  MTDH  TATDN1  POLE3  SH3GLB2  PAXX  INPP5E  POLR3A  DSN1  NUDT22  MPP7  CWC15  HNMT  NCAPD3  DST  POC5  UTRN  SRP19  SMARCA5  RMND5A  ZDHHC7  CEBPG  ZUP1  PITPNC1  TNIK  DPH3  CDK19  ZFYVE27  KDM8  PPARGC1B  ADK  NSMCE2  RNF111  SKI  DUSP2  EYA3  SON  SSU72  U2AF1  MCM3AP  S100B  JAML  ADAR  CPSF4  PWWP3A  IKZF3  SAP30BP  DBF4B  COA7  FAAP20  NFIA  ZNF281  PEX19  SMC6  LYSMD1  IWS1  CWC22  WDFY3  PTPN13  SLBP  UBXN7  EXO5  ICE1  NIPBL  UBLCP1  STK17A  MIOS  PHAX  VIRMA  WASHC5  ZNF367  AQP3  KLHDC2  BMS1  NSMF  ZNF219  SPRED1  BRD7  API5  TRIM66  RNF169  ATMIN  HDGFL3  PPIB  CIAO2A  FAM111A  DCTN5  CLPX  ZNF232  E4F1  SRRM2  ATG16L2  SETD5  IRF2BP2  BMI1  POLR3D  COMMD8  UPF3A  UBE2V2  NSMCE1  NPIPB12  NPIPB3  INO80E  ASPSCR1  HNRNPA3  ZNF212  NFRKB  MGMT  NUDT9  SERPINB9  POLH  PPM1D  CHD7  PLRG1  CXXC5  TCEA2  EXOSC10  PPIH  KLF11  COPS9  BANP  MRPL52  RAD9A  FUT10  RARG  PHF8  KDM2A  DAG1  NMNAT1  HOXB2  SNAPC5  AKIRIN1  MICOS13  KCTD13  KLC2  CSTF3  TGIF1  NR2C2  CSTF2T  RPP25  ZHX2  RRS1  SPTY2D1  GADD45GIP1  GATA2  APOBEC3B  ZNRF2  AEN  HIGD1A  EHMT1  ZNF746  NOP10  NGRN  DDX28  SPATA13  NAA38  SLC8A1  SF3A3  EP400  NDUFB1  CHEK2  NR2C2AP  THAP7  XPOT  AMER1  H2BC21  SMYD3  BRCC3  PCGF3  PBX1  MYBL1  NPIPB4  WWOX  BCL9L  ARAP1  ZNF395  PTMA  ZKSCAN4  SECISBP2  NDOR1  KAZN  SPATS2L  LONP1  NPIPB15  TRAPPC2  TLE1  STRN3  ZSCAN26  ABCB8  NOL4L  C1D  BLM  TOPORS  INKA2  ZNF335  NPIPB13  QRICH1  TXNRD1  TLK1  COPS8  OPA1  DENND4B  SFMBT2  PRMT6  APRT  MBD5  RACK1  TSN  ZNF580  SCAF8  DNAJC9  PPP1CB  MEF2B  CPNE1  SH3D21  ZBED1  HOMEZ  DDX3X  UBA52  HNRNPA1L3  PARG  ALKBH6  HYPK  AP5Z1  NPIPB5  NFS1  NPIPB11  CHMP1B  ZNF350  TEN1  GTF2I  IKBKE  TBPL1  PIAS1  GEMIN8  TP53INP2  ZNF106  PPARD  ASCC3  ABITRAM  SMNDC1  SMU1  THOC2  THRA  ATF4  VPS25  NR6A1  U2AF1L4  DDX19A  ARL6IP4  SP140L  FAM118B  MTOR  H4C15  H4C14  RPS15  CAMKK1  POLR3B  NSUN2  MED17  TPR  PPP1R12A  CCAR1  POLR1A  UBE2D1  KDM5A  EXOSC7  PPP1R12B  HSP90AA1  PTPN4  AGO1  PSMD5  SNU13  L3MBTL2  PSMC6  PSMA3  YY1  ACTR5  INTS10  RPS16  DDX49  PRKAG2  KDM4C  PPP3CB  UBTF  MED31  HSPA8  ANAPC15  RFC5  NOP2  FANCE  E2F3  MSH3  WDR48  RRP9  TTF2  ATF6  SENP5  HEATR1  PPP6C  ELF1  CBX3  POLM  DCAF10  RIOK1  IPPK  LSM7  UTP3  RFC3  CCDC59  LPIN1  NAT10  IMP4  DCAF5  NOB1  SIRT3  SETD7  PRIM2  NSD3  NOTCH1  CAMK2G  RPP30  VENTX  TIAL1  USP12  CHD1  BACH1  PCGF6  UTP14A  USP24  DUSP7  CASP3  FOXK1  NSD1  SNAPC4  PIP4P1  CPSF2  TRMT61A  MLST8  CENPX  UBE2E1  USP47  EXOSC1  MUS81  CKS1B  STAT5B  RPS6KB2  ZBTB8OS  MED14  H2AC6  SETD2  UBA7  NPLOC4  BRF1  RAD51D  RPS23  ISG15  RRP7A  LIN54  PSMD12  RPS26  LDB1  TSEN15  RPS29  DDX47  CSNK1E  PWP2  RTEL1"
7.57666738007911e-08,169,952,1.55388607240907,"GO:0016604 nuclear body "," http://amigo.geneontology.org/amigo/term/GO:0016604"," KLHL20  SRRT  PQBP1  SETX  ZPR1  SRSF3  SRSF7  RBM19  TOE1  TUT1  SRSF2  HIPK1  RBM4  RMI1  DVL2  DBF4  DNAJC11  HEATR5B  SPRTN  AKAP8L  ZCCHC8  USP36  INTS13  TP53BP1  HDAC4  TESK2  RAD18  CHFR  DDX1  SRCAP  GEMIN5  ATRX  UIMC1  ALKBH5  HIVEP1  CDC5L  SNRPD3  SBF1  TAB1  BRD1  TELO2  STK4  RP2  NBN  CACTIN  CRTC1  CBLL1  HDAC5  ELF2  SUDS3  HCFC2  NR3C1  CSNK1A1  SMC4  FANCL  GON4L  NSL1  STAG1  PLAGL1  RPN2  YLPM1  BCL11A  CRY2  NT5C3A  SNRPC  STK35  NR1D1  MAU2  TRIM22  IGHMBP2  SRRM1  DTX1  SRPK2  DHX9  YME1L1  BARD1  PRDM5  BMP2K  SCAF11  RB1  FTO  ZFHX3  GEMIN7  ZNF473  PIP5K1A  DGKQ  NCAPG2  NONO  HMBOX1  MTDH  DSN1  CWC15  SRP19  NSMCE2  SKI  SON  FAAP20  SMC6  CWC22  WDFY3  UBXN7  ICE1  STK17A  VIRMA  KLHDC2  API5  RNF169  ATMIN  SRRM2  BMI1  NUDT9  PLRG1  PPIH  KLF11  BANP  NMNAT1  SNAPC5  KCTD13  EHMT1  NOP10  NGRN  SF3A3  GTF2H2C  NDUFB1  CHEK2  THAP7  AMER1  ZNF395  KAZN  BLM  TOPORS  CHAMP1  SFMBT2  ZBED1  AP5Z1  ZNF350  IKBKE  PIAS1  MTREX  GEMIN8  PSME4  TP53INP2  WAC  PHF5A  ZNF106  GAR1  ASCC3  ABITRAM  NEK6  SMNDC1  PSPC1  SMU1  THOC2  SYMPK  MAX  RNF6  ATF4  NXT1  SETD1B  RNF111  U2AF1  U2AF1L4  PHAX  ARL6IP4  EP400  SP140L  FAM118B  CTR9  MTOR"
1.37495643147288e-43,863,4973,1.51901392231132,"GO:0031981 nuclear lumen "," http://amigo.geneontology.org/amigo/term/GO:0031981"," NOP2  RPL7  AKAP8L  UTP18  PHF20  JADE2  ARID1B  KMT2C  POLD1  TAF2  HDAC4  POLR1A  RPS6KA2  ING3  EXOSC7  KLHL20  MBNL3  TNRC6C  SRCAP  PUM3  PALB2  SRRT  NOP14  OAS1  RCOR1  BRPF3  HNRNPH3  PES1  TNRC6B  EP300  BRD1  ACTR5  PQBP1  KPNA3  KAT8  PHF14  POLD2  SETX  DDX50  GTPBP4  HDAC5  GAR1  ELP4  ZPR1  DTX4  OAS3  OAS2  SUDS3  HCFC2  SRSF3  BRD8  ACTR8  KPNA1  KAT2B  POLE4  KDM3A  TAF1B  SRSF7  RBBP5  ARID1A  KMT2A  PLAGL1  HEATR1  KDM3B  RBM19  EXOSC9  NCOA5  TRERF1  RRP36  EMG1  HELB  YEATS4  UBR4  SIN3B  RNF6  PRKRIP1  KRI1  NGDN  NSUN5  TRIM28  TRIM22  GRSF1  UTP3  TOE1  MORC4  WDR74  CDC73  GNL2  OASL  DTX1  NAT10  DHX9  RNASEH2B  ACTL6A  IMP4  LLPH  KANSL2  SETD1B  SHQ1  PRIM2  MMS22L  NOM1  KDM6A  POLR2K  INIP  POLE3  RPP30  TUT1  GTF2E1  ELOC  MIDEAS  UTP14A  EMSY  ADAR  SRSF2  ERCC3  HIPK1  YEATS2  MEAF6  WDR82  TAF10  TRIM68  KMT2D  ZBTB49  UPF3A  INO80E  EXOSC1  ZNF318  HDAC3  EXOSC10  AFF1  HCFC1  CHCHD1  RAD9A  ENDOV  RNF213  RBM4  MSL2  BANF1  DTX3  RMI1  RRS1  SPTY2D1  NOP10  MTA1  GTF2H2C  XPOT  NKRF  KPNA4  GTF2F2  NOC2L  RRP7A  TRRAP  HDAC2  PSMD12  C1D  CTR9  CHAMP1  PWP2  RBM12  TRIM34  NOL12  PAGR1  BAZ1B  ARID4B  MBD3  SMARCE1  USP22  SMARCA5  ING1  ATXN7  BRD7  SF3B5  MUS81  LAS1L  FKBP4  KDM1A  NDUFAB1  CDC27  DVL2  UPF1  SKAP2  LIG3  OSBPL7  DBF4  COX10  DNAJC11  CDKL5  HEATR5B  VTA1  SPRTN  IFFO1  NISCH  RNF216  WIZ  DDX11  COX15  ZRANB1  BIRC3  DEF6  NR1H3  BRD9  ZCCHC8  STAP1  NSUN2  BOD1L1  MTREX  PHLPP2  INPP4A  TPR  PIK3CB  USP36  CDK14  PPP1R12A  MXD1  VMP1  MED29  CASP8  INTS13  SPEN  NFYC  NEO1  METTL22  TP53BP1  GRIPAP1  PSME4  SMG6  FSTL3  TESK2  RAD18  TCF3  CHFR  NFATC3  ACADVL  TRAF4  MLLT10  XRCC5  SENP1  DDX1  EPB41L2  SLC35C2  SMARCA2  RBL1  DUSP12  GEMIN5  GSK3B  RNF13  TDRD3  PDS5B  ATRX  AKR1B1  MTIF2  NFX1  UIMC1  RTRAF  ERGIC2  PPP1R13B  RBBP9  KDM2B  ARHGAP4  SEL1L3  ALKBH5  PPP2R3C  CAPN3  SNAP23  UPRT  WAC  HIVEP1  FKBP5  CDC5L  CRKL  SNRPD3  GGA1  SNU13  SBF1  TAB1  TXN2  GRAP2  PHF5A  ZBED4  PRMT5  CDKL1  TELO2  VRK1  PSMB5  YY1  PRORP  ZMYND8  MYBL2  STK4  GID8  GMEB2  RASSF2  E2F1  AMMECR1  EMD  UBL4A  RP2  PIN4  MAGED2  MRPS31  INTS6  ARL2BP  PSMD7  PLA2G15  CEP152  GABPB1  SPG11  NBN  TRPS1  UBR5  ERCC2  DOT1L  PTOV1  CACTIN  CD33  LIG1  CRTC1  CBLL1  GIMAP2  LIPA  CPEB3  LARP4B  BCCIP  STN1  SHOC2  CUL2  ZMIZ1  UBTF  RAD51C  EZH1  RANGRF  NFKB1  ELF2  KLF3  CEP164  COMMD9  NAA40  GLI1  ELK3  CNOT2  FBXO5  EPM2A  TBP  CERT1  CLINT1  DROSHA  SUB1  NR3C1  MACROH2A1  CSNK1A1  ZNF346  SMC4  CBLB  ATP6V1A  RRP9  FANCL  CCT4  EHBP1  C2orf42  NFE2L2  WDR77  ASH1L  GON4L  PRDM2  UCHL5  MRPS15  KDM5B  NSL1  CENPF  STX12  STAG1  KLF7  FOXO3  RPN2  UCHL3  NEK6  HDHD3  YLPM1  DLST  ALDH6A1  BCL11A  SLF2  CUTC  HOXB3  PLEKHG1  WDR55  MASTL  COPS5  TSHZ3  PSPC1  CSTA  CRY2  CCR2  LRIF1  PMS2  ZMIZ2  KLHL7  NT5C3A  TRIM24  ECD  PFKFB2  MTRR  ZNF45  SNRPC  MAD2L1BP  GLO1  NUP85  MIF4GD  GTF3C4  MED1  SYMPK  STK35  MAX  XRCC3  NR1D1  FRMD8  INTS11  CHTF18  STEAP4  ATF4  DUT  PSMA1  TEP1  MAU2  FCHO1  TUBGCP2  COX4I1  ZCCHC9  PEX11B  ILKAP  ANKRD17  XAF1  NXT1  DAP3  ARHGEF11  DCAF8  IGHMBP2  MUTYH  PIK3C2B  SRRM1  MED6  LOXL2  CD180  PSRC1  NOTCH2  RSAD2  CMPK2  PRPF38A  APC  NAA35  SRPK2  CEP162  CDK4  HNRNPA1  MPHOSPH6  TTC5  VEZF1  LIMD2  TRA2B  WDR33  YME1L1  SMC2  ALDH1B1  IRF4  NUMA1  MAPKBP1  GCHFR  KIF20B  DBR1  BARD1  ITPRID2  SLC40A1  HERC6  PRDM5  BMP2K  USO1  SCAF11  RB1  POLG  FTO  UQCRC2  ZFHX3  ANAPC11  FOXK2  TRIM65  CBX8  ELAC1  SAE1  GEMIN7  ZNF473  POGK  POU2F1  USP21  SETDB1  PIP5K1A  ANP32E  ATP8B2  ILF2  NVL  SNRNP200  GOLGA4  LIMD1  DGKQ  METTL14  SETD7  NAF1  COMMD10  FAM50B  NCAPG2  ZMYM3  NONO  HMBOX1  MTDH  TATDN1  ZCCHC7  SH3GLB2  PAXX  INPP5E  POLR3A  DSN1  NUDT22  VPS51  MPP7  CWC15  HNMT  NCAPD3  DST  POC5  UTRN  SRP19  DAB2  RMND5A  ZDHHC7  CEBPG  CHD1  ZUP1  PITPNC1  TNIK  DPH3  CDK19  ZFYVE27  NUP205  KDM8  PPARGC1B  ADK  NSMCE2  RNF111  SKI  DUSP2  EYA3  SON  SSU72  U2AF1  MCM3AP  S100B  JAML  CPSF4  PWWP3A  IKZF3  SAP30BP  DBF4B  COA7  FAAP20  NFIA  ZNF281  PEX19  SMC6  LYSMD1  IWS1  CWC22  WDFY3  PTPN13  SLBP  UBXN7  EXO5  ICE1  NIPBL  UBLCP1  STK17A  MIOS  PHAX  VIRMA  WASHC5  ZNF367  AQP3  KLHDC2  BMS1  NSMF  ZNF219  SPRED1  API5  TRIM66  RNF169  ATMIN  HDGFL3  PPIB  CIAO2A  FAM111A  DCTN5  CLPX  MARS1  ZNF232  E4F1  SRRM2  ATG16L2  SETD5  IRF2BP2  BMI1  POLR3D  DNAJC21  COMMD8  UBE2V2  NSMCE1  NPIPB12  NPIPB3  ASPSCR1  HNRNPA3  ZNF212  NFRKB  MGMT  NUDT9  SERPINB9  POLH  PPM1D  CHD7  PLRG1  CXXC5  TCEA2  CAMTA1  METTL18  PPIH  KLF11  COPS9  BANP  MRPL52  FUT10  RARG  PHF8  KDM2A  DAG1  NMNAT1  HOXB2  SNAPC5  AKIRIN1  MICOS13  KCTD13  KLC2  CSTF3  TGIF1  NR2C2  CSTF2T  PARP10  RPP25  ZHX2  GADD45GIP1  GATA2  APOBEC3B  ZNRF2  AEN  HIGD1A  EHMT1  ZNF746  NGRN  DDX28  SPATA13  NAA38  SLC8A1  SF3A3  EP400  NDUFB1  CHEK2  NR2C2AP  THAP7  AMER1  H2BC21  SMYD3  BRCC3  MRPL40  PCGF3  PBX1  MYBL1  NPIPB4  WWOX  BCL9L  ARAP1  ZNF397  ZNF395  PTMA  ZKSCAN4  SECISBP2  NDOR1  KAZN  SPATS2L  LONP1  NPIPB15  TRAPPC2  TLE1  STRN3  ZSCAN26  ABCB8  NOL4L  BLM  TOPORS  INKA2  ZNF335  NPIPB13  QRICH1  TXNRD1  TLK1  COPS8  OPA1  DENND4B  SFMBT2  PRMT6  APRT  MBD5  RACK1  TSN  ZNF580  SCAF8  HAUS7  DNAJC9  PPP1CB  DDX47  MEF2B  CPNE1  SH3D21  ZBED1  HOMEZ  DDX3X  UBA52  HNRNPA1L3  PARG  ALKBH6  HYPK  AP5Z1  NPIPB5  NFS1  NPIPB11  CHMP1B  ZNF350  TEN1  GTF2I  IKBKE  H4C15  H4C14  TBPL1  PIAS1  STAU2  GEMIN8  KDM5A  TP53INP2  KNOP1  ZNF106  HSPA8  PPARD  ASCC3  HSPA9  SENP5  ABITRAM  SMNDC1  SMU1  THOC2  THRA  VPS25  SORL1  NSD3  NR6A1  ITPR1  U2AF1L4  NSA2  NSD1  DDX19A  ZNF274  SETD2  ARL6IP4  SP140L  PPP1R26  NF1  FAM118B  MTOR  TSEN15  IPPK  RPS15  CAMKK1  POLR3B  MED17  CCAR1  UBE2D1  PPP1R12B  HSP90AA1  PTPN4  AGO1  PSMD5  L3MBTL2  PSMC6  PSMA3  INTS10  RPS16  DDX49  PRKAG2  KDM4C  PPP3CB  MED31  ANAPC15  RFC5  FANCE  E2F3  MSH3  WDR48  TTF2  ATF6  PPP6C  ELF1  CBX3  POLM  DCAF10  RIOK1  LSM7  RFC3  CCDC59  LPIN1  DCAF5  NOB1  SIRT3  NOTCH1  CAMK2G  VENTX  TIAL1  USP12  BACH1  PCGF6  USP24  DUSP7  CASP3  FOXK1  SNAPC4  PIP4P1  CPSF2  TRMT61A  MLST8  CENPX  UBE2E1  USP47  CKS1B  STAT5B  RPS6KB2  ZBTB8OS  MED14  H2AC6  UBA7  NPLOC4  BRF1  RAD51D  RPS23  ISG15  LIN54  RPS26  LDB1  RPS29  CSNK1E  RTEL1"
7.57666738007911e-08,237,1441,1.43963959611062,"GO:0015630 microtubule cytoskeleton "," http://amigo.geneontology.org/amigo/term/GO:0015630"," CCDC88C  TUBG2  BOD1L1  SPDL1  CROCC  ZFYVE26  FBXW11  KIZ  PPP2R3C  HAUS4  HOOK2  KLHL22  KIAA0586  SNPH  CEP192  EMD  CEP152  DCTN6  UNC119  SLAIN2  CEP164  CEP126  EHBP1  ALMS1  WRAP73  CENPF  NEK9  CCDC77  ENKD1  BBS2  SEPTIN6  CEP250  UBR4  MACF1  AKAP9  CRACR2A  TUBGCP2  KIF3A  PSRC1  APC  CCNJL  CEP162  CKAP2  CDK5RAP2  KLC4  NUMA1  HAUS2  TUBGCP4  IFT172  KIF20B  BBS7  POC1B  SLAIN1  JTB  DYNC1LI1  EML3  SCLT1  POC5  TBC1D31  MX1  CCDC28B  KIFC2  EHBP1L1  BBS1  KLC2  SEPTIN1  CEP63  RAD51D  TTC30B  DYNC1H1  HYLS1  CHAMP1  OPA1  SPOUT1  TRAF3IP1  HAUS7  RIMBP3B  RIMBP3  KAT2B  YEATS2  ZWILCH  ALS2  CDC27  CDKL5  NISCH  MKS1  DDX11  MDH1  NUDCD3  PHLPP2  CUL7  TPR  FNIP2  PPP1R12A  CLTCL1  RAD18  ALPK1  RABL2B  GSK3B  ERC1  CHMP2B  CHMP5  SNX10  RTRAF  DAAM1  PSMB5  E2F1  CEP76  RP2  PIN4  ARHGEF7  ARL2BP  ERCC2  RAB3D  TNKS2  ANKRD26  BCCIP  NAA40  TBC1D30  MDM1  C2CD5  MAK  FBXO5  CSNK1A1  ACTR8  NIT2  ACTR1B  CCT4  NFE2L2  CEP104  TMEM9  STAG1  NEK6  WDR11  MASTL  LRIF1  CBX3  FRMD8  RAB3IP  ATF4  PSMA1  VPS4A  PATJ  CD180  CCDC146  DHX9  FHDC1  MAPKBP1  CIAO1  PKP4  TBCK  CCDC120  HMBOX1  HNMT  DST  BCL2L11  FLCN  SKI  EYA3  HK2  KLHL21  HIPK1  ATXN7  IFT122  PHAX  ABRAXAS2  DCTN5  DIS3L  NLRC3  ZBTB49  PTK2  TCEA2  HDAC3  SPATA5L1  PDE4DIP  RPP25  RELL1  EXOC7  NGRN  LCK  MTA1  ZNF397  GTF2F2  RRP7A  TOPORS  ZBED1  DDX3X  HYPK  CHMP1B  FNTB  FKBP4  RABGAP1  NSUN2  STAU2  ROCK1  RPS6KA2  ARHGAP4  NUBP2  TTLL12  IFT27  MAP1LC3A  VAPA  FBXO31  DVL1  CDH23  PRKAR1A  PTP4A1  NR3C1  IRAG2  INVS  MAD2L1BP  NUP85  BICDL1  TTLL4  BORA  RB1  APP  TACC1  RASSF3  WHAMM  LRP8  SYNJ1  SMC6  SHROOM1  E4F1  TTLL11  WASHC1  SLC8A1  PDE4B  BRCC3  TMEM201  TTLL3  UBXN2B  BICD2  TTC19  TBCC  USO1"
1.72892681204946e-15,636,4154,1.34017046097105,"GO:0031090 organelle membrane "," http://amigo.geneontology.org/amigo/term/GO:0031090"," LAMP2  DNAJC11  STARD3NL  CLCN6  CTNS  ATP11A  ZFYVE26  RNF13  RRAGB  DEPDC5  CLCN7  SPG11  PEX12  TCIRG1  HSPA9  ATP6V1A  RAB14  WDR11  LRP1  SLC36A1  P2RX4  ATP6V1G1  SPPL2A  SCARB2  STK11IP  ATP6V1C1  PEX19  MIOS  HGSNAT  VPS39  MICOS13  ANKFY1  GDAP2  DPP4  SLC29A3  MTOR  UBA52  DPM1  NDUFAB1  TTC19  EHD3  COX15  SOAT1  SEC61A1  PIGV  GRIPAP1  FUNDC1  PIGB  EPN2  SAR1A  CHMP2B  GRAMD1A  NECAP1  GLG1  SCFD1  PICK1  MIEF1  IFT27  SPTLC2  SEC23A  ARFGAP1  CDS2  PXMP4  MAP1LC3A  PIGU  VAPA  LPIN2  EMD  VAC14  LMF1  GDAP1  EMC2  ATP13A1  GOSR2  LAMTOR3  MAN1A1  CLINT1  NPRL2  LMAN2L  AUP1  UNC50  WLS  PLEKHM2  KMO  GPR89A  ABCD3  STX12  IRAG2  RPN2  KDSR  SNX19  CISD1  COQ8B  ATP5F1E  SLC25A19  ERGIC3  UQCR11  COPB1  RAB2B  BCL2L2  CRACR2A  SLC27A1  NDUFA10  COX4I1  ABCB7  VPS25  PEX11B  HSD17B7  SEC61G  SARAF  LAMTOR5  LPIN1  TIMM10  ATP5MC2  APPL2  VPS45  CCDC115  YME1L1  TMEM14B  RNF144B  SLC35A5  USO1  SEC24B  ESYT1  RHOT2  PPOX  TOR1AIP1  LBR  CISD2  RNF175  LAMTOR1  B3GAT3  TM7SF2  MIA2  ITPR1  UEVLD  VTI1A  SLC25A4  NBAS  PIP4P2  MCU  WHAMM  EXOG  SLC37A3  RER1  ATP5MC1  PCSK7  COQ8A  TEX264  ARFIP1  UQCRQ  NOS3  PIGO  SPTSSA  MICU2  ATP5F1C  FUNDC2  PIP4P1  CLMN  PLD4  SEC11C  COQ7  ATP5MG  ATG16L2  MFF  ATP5ME  SLC25A6  B3GNT2  JAGN1  DHCR7  UQCRH  DPY19L1  NDUFA11  MCTP1  TOMM5  B3GNT5  ZDHHC13  NDUFAF3  NDUFV2  TMTC2  ACBD3  NDUFB1  UQCR10  TMEM120B  TMEM201  LRRK2  HACD4  NDUFA4  MAN2A2  ERO1A  HLA-DRB5  OPA1  SELENOT  MACO1  SLC48A1  AP1G2  OST4  ATP5PO  UBAP1L  PIGY  CHMP1B  SEC22B  NDUFA7  MRPS35  TOMM22  MRPS31  COG4  MRPL27  MRPS30  MRPS15  ATP6V0B  WASHC3  MRPS2  MRPL34  DAP3  COG2  MRPL15  APH1B  MRPL24  MRPS5  MRPL39  MRPL17  MRPL55  MRPS18C  WASHC5  SLC39A13  MRPL1  TMEM126B  MRPL13  CHCHD1  MRPL52  MRPL57  MRPL11  ACAD9  GADD45GIP1  WASHC1  ATP6AP2  TMEM186  MRPL40  MRPL21  SZT2  MRPL53  QTRT1  TOMM6  MT-ATP8  MRPL20  MRPL33  MRPL12  MRPS21  ST3GAL1  UTP18  BID  PHF20  TOMM34  INPP4A  RAB27B  AIFM2  TPR  ATP9A  VMP1  NUP133  OSBPL3  TFRC  ACADVL  TIGAR  SENP1  RAB21  NOA1  CHMP5  SNX10  CMTM6  LZTR1  WDR59  ILVBL  GTPBP4  CCDC47  COQ5  C2CD5  EPM2A  NUP155  BNIP1  SLC41A3  SCAP  GORASP2  SLC25A12  PLA2G4A  TMEM9  ACADM  ATF6  VAMP8  FOXO3  B4GALT4  SLC25A51  VPS26A  MAD2L1BP  BBS2  NECAB3  IFI6  COX7C  YEATS4  RNF6  CALU  SNX6  RTN4IP1  ANKRD17  VPS4A  SCO1  RSAD2  DAGLA  PNPLA8  RDH5  CDK4  KDELR2  SMPD4  LRRC8A  FAM8A1  GCHFR  BBS7  PRICKLE1  NDUFA9  UQCRC2  DOP1B  TMCO1  PI4KB  HAX1  DGKQ  PYURF  CYP4V2  NDUFB11  MTG1  ATPSCKMT  FLCN  EPHB1  ZFYVE27  NUP205  NDUFAF6  MX1  DUSP2  HK2  MCM3AP  KRTCAP2  WDFY3  UBXN7  CCDC51  KLHDC2  PDZD8  PMPCA  DCTN5  LETM1  NUDT9  PLRG1  USP19  PHF8  ARV1  XXYLT1  BBS1  AKIRIN1  SPHK1  SLC38A9  PLD6  ZNRF2  AEN  NPLOC4  NGRN  AIFM3  THAP7  KPNA4  VKORC1L1  ABCB8  ASPH  COX20  STIMATE  CPNE1  ALG3  ZBED1  TMEM242  PIGBOS1  SCO2  SCYL3  M6PR  CD38  OSBPL7  COX10  SEC62  VTA1  IFFO1  QPCTL  XYLT2  NCDN  PHLPP2  STAU2  JKAMP  FNIP2  PSD  TNK2  STOML1  ROCK1  ACSL4  CLTCL1  ALDH3A2  SLC35C2  ERC1  MGST2  TMED2  ERGIC2  CERS4  ERMP1  ZDHHC8  GGA1  PGRMC1  TLR8  MOSPD1  ARMCX3  ANTKMT  GGA2  DMXL2  IQCE  TMEM176B  SEC23IP  TNKS2  PPIF  STIM2  SNX25  PANX1  SERINC1  UST  NNT  STEAP3  GALNT3  ST3GAL5  CHST10  UXS1  PLEKHB2  ELAPOR1  OSBPL9  CAT  CCZ1  EBPL  RAP2C  CHPF  RAB22A  HS3ST3B1  GGA3  NUP85  KTN1  HIP1  STEAP4  SRD5A3  MGAT3  REEP5  WDR44  SBF2  RRAS2  ERG28  NOTCH2  UBAC2  DNAJC14  CYP27A1  SCYL2  TEX2  TRA2B  BIN1  RABEPK  NUMA1  CCDC90B  SORL1  ADAM10  ADCY3  CYP1B1  ATRAID  PARP16  SORD  TRPM2  ATP8B2  SNAP47  EPHX1  RHBDD1  GOLGA4  PIK3R1  CDKAL1  CCZ1B  MTDH  EBAG9  SLC25A25  INPP5E  NOTCH1  CAMK2G  DST  TXNDC11  DAB2  ZDHHC7  TMBIM4  HKDC1  SNX22  AP3S2  NCK1  MITD1  CD1D  ZFAND2B  TMED4  GPAT4  ACOX1  TGFA  SSR2  PIGX  ERAP2  RP9  LETM2  CARD19  NSMF  LARGE2  IKBIP  STX3  RAB4A  MFSD2A  TMEM129  SLC50A1  ASPSCR1  RFNG  CSGALNACT2  TOR1AIP2  ATP6V0E2  TMEM126A  ZDHHC16  RAB33B  DPAGT1  RASGRP1  FUT10  GOLGB1  TLR1  TLR6  B4GAT1  KLC2  TMEM9B  BET1L  PLEC  GALNT11  COX14  P4HTM  DHFR2  THBD  SNX18  PITPNB  HIGD1A  DENND5A  ZDHHC23  BACE1  ARAP1  B3GLCT  TMEM203  RNFT1  FUT4  TLR7  SLC25A29  MPEG1  LRBA  FAM169A  PJA2  INPP5B  GGTA1  TRIQK  CPT1B  TRIM59  LEPROT  PEX26  SLC26A6  PISD  ARFGAP3  DUS4L-BCAP29  IKBKE  HSPA8  ACRBP  THADA  SYNJ1  CLPX  RPS26  RPS29  PI4KA  TBL2  CBX3  MPDU1  ENPP4  RHOBTB2  ATG5  CASP8  ACACB  PIK3C3  STARD7  SNAP23  RAB18  SBF1  TAB1  ARFRP1  BMF  CD33  RAB3D  PMPCB  CYTH1  MANBA  VNN1  PHACTR2  GUCA1B  CERT1  GPD2  PLEKHA3  CSF3R  FLT3  HVCN1  ATG101  UBR4  RAF1  IRAK2  RAB33A  HINT2  ITGAX  APP  DYNC1LI1  USP6NL  VPS51  ADAM17  BCL2L11  ADPGK  DHRS3  PPM1L  RHOBTB3  TCTN2  CYCS  CLEC12A  TBC1D10C  CD163  MCFD2  INPP5F  CR1  RAB44  CLEC5A  PECAM1"
